{
    "sub_textures": {
        "0": {
            "x": 0.0,
            "y": 0.0,
            "width": 85.33333333333333,
            "height": 85.33333333333333
        },
        "1": {
            "x": 85.33333333333333,
            "y": 0.0,
            "width": 85.33333333333333,
            "height": 85.33333333333333
        },
        "2": {
            "x": 170.66666666666666,
            "y": 0.0,
            "width": 85.33333333333333,
            "height": 85.33333333333333
        },
        "3": {
            "x": 256.0,
            "y": 0.0,
            "width": 85.33333333333333,
            "height": 85.33333333333333
        },
        "4": {
            "x": 341.3333333333333,
            "y": 0.0,
            "width": 85.33333333333333,
            "height": 85.33333333333333
        },
        "5": {
            "x": 426.66666666666663,
            "y": 0.0,
            "width": 85.33333333333333,
            "height": 85.33333333333333
        },
        "6": {
            "x": 512.0,
            "y": 0.0,
            "width": 85.33333333333333,
            "height": 85.33333333333333
        },
        "7": {
            "x": 597.3333333333333,
            "y": 0.0,
            "width": 85.33333333333333,
            "height": 85.33333333333333
        },
        "8": {
            "x": 682.6666666666666,
            "y": 0.0,
            "width": 85.33333333333333,
            "height": 85.33333333333333
        },
        "9": {
            "x": 768.0,
            "y": 0.0,
            "width": 85.33333333333333,
            "height": 85.33333333333333
        },
        "10": {
            "x": 853.3333333333333,
            "y": 0.0,
            "width": 85.33333333333333,
            "height": 85.33333333333333
        },
        "11": {
            "x": 938.6666666666666,
            "y": 0.0,
            "width": 85.33333333333333,
            "height": 85.33333333333333
        },
        "12": {
            "x": 0.0,
            "y": 85.33333333333333,
            "width": 85.33333333333333,
            "height": 85.33333333333333
        },
        "13": {
            "x": 85.33333333333333,
            "y": 85.33333333333333,
            "width": 85.33333333333333,
            "height": 85.33333333333333
        },
        "14": {
            "x": 170.66666666666666,
            "y": 85.33333333333333,
            "width": 85.33333333333333,
            "height": 85.33333333333333
        },
        "15": {
            "x": 256.0,
            "y": 85.33333333333333,
            "width": 85.33333333333333,
            "height": 85.33333333333333
        },
        "16": {
            "x": 341.3333333333333,
            "y": 85.33333333333333,
            "width": 85.33333333333333,
            "height": 85.33333333333333
        },
        "17": {
            "x": 426.66666666666663,
            "y": 85.33333333333333,
            "width": 85.33333333333333,
            "height": 85.33333333333333
        },
        "18": {
            "x": 512.0,
            "y": 85.33333333333333,
            "width": 85.33333333333333,
            "height": 85.33333333333333
        },
        "19": {
            "x": 597.3333333333333,
            "y": 85.33333333333333,
            "width": 85.33333333333333,
            "height": 85.33333333333333
        },
        "20": {
            "x": 682.6666666666666,
            "y": 85.33333333333333,
            "width": 85.33333333333333,
            "height": 85.33333333333333
        },
        "21": {
            "x": 768.0,
            "y": 85.33333333333333,
            "width": 85.33333333333333,
            "height": 85.33333333333333
        },
        "22": {
            "x": 853.3333333333333,
            "y": 85.33333333333333,
            "width": 85.33333333333333,
            "height": 85.33333333333333
        },
        "23": {
            "x": 938.6666666666666,
            "y": 85.33333333333333,
            "width": 85.33333333333333,
            "height": 85.33333333333333
        },
        "24": {
            "x": 0.0,
            "y": 170.66666666666666,
            "width": 85.33333333333333,
            "height": 85.33333333333333
        },
        "25": {
            "x": 85.33333333333333,
            "y": 170.66666666666666,
            "width": 85.33333333333333,
            "height": 85.33333333333333
        },
        "26": {
            "x": 170.66666666666666,
            "y": 170.66666666666666,
            "width": 85.33333333333333,
            "height": 85.33333333333333
        },
        "27": {
            "x": 256.0,
            "y": 170.66666666666666,
            "width": 85.33333333333333,
            "height": 85.33333333333333
        },
        "28": {
            "x": 341.3333333333333,
            "y": 170.66666666666666,
            "width": 85.33333333333333,
            "height": 85.33333333333333
        },
        "29": {
            "x": 426.66666666666663,
            "y": 170.66666666666666,
            "width": 85.33333333333333,
            "height": 85.33333333333333
        },
        "30": {
            "x": 512.0,
            "y": 170.66666666666666,
            "width": 85.33333333333333,
            "height": 85.33333333333333
        },
        "31": {
            "x": 597.3333333333333,
            "y": 170.66666666666666,
            "width": 85.33333333333333,
            "height": 85.33333333333333
        },
        "32": {
            "x": 682.6666666666666,
            "y": 170.66666666666666,
            "width": 85.33333333333333,
            "height": 85.33333333333333
        },
        "33": {
            "x": 768.0,
            "y": 170.66666666666666,
            "width": 85.33333333333333,
            "height": 85.33333333333333
        },
        "34": {
            "x": 853.3333333333333,
            "y": 170.66666666666666,
            "width": 85.33333333333333,
            "height": 85.33333333333333
        },
        "35": {
            "x": 938.6666666666666,
            "y": 170.66666666666666,
            "width": 85.33333333333333,
            "height": 85.33333333333333
        },
        "36": {
            "x": 0.0,
            "y": 256.0,
            "width": 85.33333333333333,
            "height": 85.33333333333333
        },
        "37": {
            "x": 85.33333333333333,
            "y": 256.0,
            "width": 85.33333333333333,
            "height": 85.33333333333333
        },
        "38": {
            "x": 170.66666666666666,
            "y": 256.0,
            "width": 85.33333333333333,
            "height": 85.33333333333333
        },
        "39": {
            "x": 256.0,
            "y": 256.0,
            "width": 85.33333333333333,
            "height": 85.33333333333333
        },
        "40": {
            "x": 341.3333333333333,
            "y": 256.0,
            "width": 85.33333333333333,
            "height": 85.33333333333333
        },
        "41": {
            "x": 426.66666666666663,
            "y": 256.0,
            "width": 85.33333333333333,
            "height": 85.33333333333333
        },
        "42": {
            "x": 512.0,
            "y": 256.0,
            "width": 85.33333333333333,
            "height": 85.33333333333333
        },
        "43": {
            "x": 597.3333333333333,
            "y": 256.0,
            "width": 85.33333333333333,
            "height": 85.33333333333333
        },
        "44": {
            "x": 682.6666666666666,
            "y": 256.0,
            "width": 85.33333333333333,
            "height": 85.33333333333333
        },
        "45": {
            "x": 768.0,
            "y": 256.0,
            "width": 85.33333333333333,
            "height": 85.33333333333333
        },
        "46": {
            "x": 853.3333333333333,
            "y": 256.0,
            "width": 85.33333333333333,
            "height": 85.33333333333333
        },
        "47": {
            "x": 938.6666666666666,